{
    "BLEU-1": 0.568674818136466,
    "BLEU-2": 0.4403025784470494,
    "BLEU-3": 0.2094249287181928,
    "BLEU-4": 0.27124112172988674,
    "BLEU-10": 0.04736288798898048,
    "TER": null,
    "SARI": null
}