{
    "BLEU-1": 0.5854057672031325,
    "BLEU-2": 0.4563306528708258,
    "BLEU-3": 0.22382436911904552,
    "BLEU-4": 0.2871634286814133,
    "BLEU-10": 0.05260627991543725,
    "TER": null,
    "SARI": null
}