{
    "BLEU-1": 0.5593163865998241,
    "BLEU-2": 0.427878483102729,
    "BLEU-3": 0.20182263944801698,
    "BLEU-4": 0.2605357402767564,
    "BLEU-10": 0.043859534788704344,
    "TER": null,
    "SARI": null
}