{
    "BLEU-1": 0.5508313010243682,
    "BLEU-2": 0.41747822817711383,
    "BLEU-3": 0.19230123368685442,
    "BLEU-4": 0.249504703869675,
    "BLEU-10": 0.041582754535025725,
    "TER": null,
    "SARI": null
}