{
    "BLEU-1": 0.5855877968094437,
    "BLEU-2": 0.4563070313294759,
    "BLEU-3": 0.22445225335956198,
    "BLEU-4": 0.28739022034426653,
    "BLEU-10": 0.05285196890787584,
    "TER": null,
    "SARI": null
}