{
    "BLEU-1": 0.5489307039293227,
    "BLEU-2": 0.4154918239848666,
    "BLEU-3": 0.19110969661953076,
    "BLEU-4": 0.2482137784309382,
    "BLEU-10": 0.040057725712808384,
    "TER": null,
    "SARI": null
}