{
    "BLEU-1": 0.5470376384818239,
    "BLEU-2": 0.4134957681398204,
    "BLEU-3": 0.19030253560292043,
    "BLEU-4": 0.24757636847329617,
    "BLEU-10": 0.0399533698089291,
    "TER": null,
    "SARI": null
}