{
    "BLEU-1": 0.5840267715462784,
    "BLEU-2": 0.4542619507664471,
    "BLEU-3": 0.22262533700314358,
    "BLEU-4": 0.2855713834149058,
    "BLEU-10": 0.05218691220081281,
    "TER": null,
    "SARI": null
}