{
    "BLEU-1": 0.5714133735454255,
    "BLEU-2": 0.4427836539375737,
    "BLEU-3": 0.21558991750890064,
    "BLEU-4": 0.2764204841896935,
    "BLEU-10": 0.048818561184184435,
    "TER": null,
    "SARI": null
}